<?xml version="1.0" encoding="UTF-8"?>
<BaliMessageLog>
    <Task name="Translate">
        <Message>
            <ID>1166052</ID>
            <Severity>Warning</Severity>
            <Dynamic>logical</Dynamic>
            <Dynamic>L00/OS00/OSCInst0_SEDSTDBY</Dynamic>
            <Navigation>L00/OS00/OSCInst0_SEDSTDBY</Navigation>
        </Message>
        <Message>
            <ID>1163101</ID>
            <Severity>Warning</Severity>
            <Dynamic>1</Dynamic>
        </Message>
    </Task>
    <Task name="Synplify_Synthesis">
        <Message>
            <ID>2011000</ID>
            <Severity>Info</Severity>
        </Message>
        <Message>
            <ID>2019991</ID>
            <Severity>Warning</Severity>
            <Dynamic>CG296 :&quot;C:\Users\Sergi\Desktop\Arquitectura de Computadoras\Tareas\grupo3CM1\lcd00\lcdmux00.vhdl&quot;:27:7:27:13|Incomplete sensitivity list; assuming completeness. Make sure all referenced variables in message CG290 are included in the sensitivity list.</Dynamic>
            <Navigation>CG296</Navigation>
            <Navigation>C:\Users\Sergi\Desktop\Arquitectura de Computadoras\Tareas\grupo3CM1\lcd00\lcdmux00.vhdl</Navigation>
            <Navigation>27</Navigation>
            <Navigation>7</Navigation>
            <Navigation>27</Navigation>
            <Navigation>13</Navigation>
            <Navigation>Incomplete sensitivity list; assuming completeness. Make sure all referenced variables in message CG290 are included in the sensitivity list.</Navigation>
        </Message>
        <Message>
            <ID>2019991</ID>
            <Severity>Warning</Severity>
            <Dynamic>CG290 :&quot;C:\Users\Sergi\Desktop\Arquitectura de Computadoras\Tareas\grupo3CM1\lcd00\lcdmux00.vhdl&quot;:44:13:44:15|Referenced variable rwd is not in sensitivity list.</Dynamic>
            <Navigation>CG290</Navigation>
            <Navigation>C:\Users\Sergi\Desktop\Arquitectura de Computadoras\Tareas\grupo3CM1\lcd00\lcdmux00.vhdl</Navigation>
            <Navigation>44</Navigation>
            <Navigation>13</Navigation>
            <Navigation>44</Navigation>
            <Navigation>15</Navigation>
            <Navigation>Referenced variable rwd is not in sensitivity list.</Navigation>
        </Message>
        <Message>
            <ID>2019991</ID>
            <Severity>Warning</Severity>
            <Dynamic>CG290 :&quot;C:\Users\Sergi\Desktop\Arquitectura de Computadoras\Tareas\grupo3CM1\lcd00\lcdmux00.vhdl&quot;:41:13:41:15|Referenced variable enc is not in sensitivity list.</Dynamic>
            <Navigation>CG290</Navigation>
            <Navigation>C:\Users\Sergi\Desktop\Arquitectura de Computadoras\Tareas\grupo3CM1\lcd00\lcdmux00.vhdl</Navigation>
            <Navigation>41</Navigation>
            <Navigation>13</Navigation>
            <Navigation>41</Navigation>
            <Navigation>15</Navigation>
            <Navigation>Referenced variable enc is not in sensitivity list.</Navigation>
        </Message>
        <Message>
            <ID>2019991</ID>
            <Severity>Warning</Severity>
            <Dynamic>CG290 :&quot;C:\Users\Sergi\Desktop\Arquitectura de Computadoras\Tareas\grupo3CM1\lcd00\lcdmux00.vhdl&quot;:40:13:40:15|Referenced variable rsc is not in sensitivity list.</Dynamic>
            <Navigation>CG290</Navigation>
            <Navigation>C:\Users\Sergi\Desktop\Arquitectura de Computadoras\Tareas\grupo3CM1\lcd00\lcdmux00.vhdl</Navigation>
            <Navigation>40</Navigation>
            <Navigation>13</Navigation>
            <Navigation>40</Navigation>
            <Navigation>15</Navigation>
            <Navigation>Referenced variable rsc is not in sensitivity list.</Navigation>
        </Message>
        <Message>
            <ID>2019991</ID>
            <Severity>Warning</Severity>
            <Dynamic>CG290 :&quot;C:\Users\Sergi\Desktop\Arquitectura de Computadoras\Tareas\grupo3CM1\lcd00\lcdmux00.vhdl&quot;:39:13:39:15|Referenced variable rwc is not in sensitivity list.</Dynamic>
            <Navigation>CG290</Navigation>
            <Navigation>C:\Users\Sergi\Desktop\Arquitectura de Computadoras\Tareas\grupo3CM1\lcd00\lcdmux00.vhdl</Navigation>
            <Navigation>39</Navigation>
            <Navigation>13</Navigation>
            <Navigation>39</Navigation>
            <Navigation>15</Navigation>
            <Navigation>Referenced variable rwc is not in sensitivity list.</Navigation>
        </Message>
        <Message>
            <ID>2019991</ID>
            <Severity>Warning</Severity>
            <Dynamic>CG290 :&quot;C:\Users\Sergi\Desktop\Arquitectura de Computadoras\Tareas\grupo3CM1\lcd00\lcdmux00.vhdl&quot;:29:7:29:12|Referenced variable resetm is not in sensitivity list.</Dynamic>
            <Navigation>CG290</Navigation>
            <Navigation>C:\Users\Sergi\Desktop\Arquitectura de Computadoras\Tareas\grupo3CM1\lcd00\lcdmux00.vhdl</Navigation>
            <Navigation>29</Navigation>
            <Navigation>7</Navigation>
            <Navigation>29</Navigation>
            <Navigation>12</Navigation>
            <Navigation>Referenced variable resetm is not in sensitivity list.</Navigation>
        </Message>
        <Message>
            <ID>2019991</ID>
            <Severity>Warning</Severity>
            <Dynamic>CG290 :&quot;C:\Users\Sergi\Desktop\Arquitectura de Computadoras\Tareas\grupo3CM1\lcd00\lcdmux00.vhdl&quot;:36:9:36:21|Referenced variable inflagconfigm is not in sensitivity list.</Dynamic>
            <Navigation>CG290</Navigation>
            <Navigation>C:\Users\Sergi\Desktop\Arquitectura de Computadoras\Tareas\grupo3CM1\lcd00\lcdmux00.vhdl</Navigation>
            <Navigation>36</Navigation>
            <Navigation>9</Navigation>
            <Navigation>36</Navigation>
            <Navigation>21</Navigation>
            <Navigation>Referenced variable inflagconfigm is not in sensitivity list.</Navigation>
        </Message>
        <Message>
            <ID>2019991</ID>
            <Severity>Warning</Severity>
            <Dynamic>CG290 :&quot;C:\Users\Sergi\Desktop\Arquitectura de Computadoras\Tareas\grupo3CM1\lcd00\lcdmux00.vhdl&quot;:46:13:46:16|Referenced variable endd is not in sensitivity list.</Dynamic>
            <Navigation>CG290</Navigation>
            <Navigation>C:\Users\Sergi\Desktop\Arquitectura de Computadoras\Tareas\grupo3CM1\lcd00\lcdmux00.vhdl</Navigation>
            <Navigation>46</Navigation>
            <Navigation>13</Navigation>
            <Navigation>46</Navigation>
            <Navigation>16</Navigation>
            <Navigation>Referenced variable endd is not in sensitivity list.</Navigation>
        </Message>
        <Message>
            <ID>2019991</ID>
            <Severity>Warning</Severity>
            <Dynamic>CG290 :&quot;C:\Users\Sergi\Desktop\Arquitectura de Computadoras\Tareas\grupo3CM1\lcd00\lcdmux00.vhdl&quot;:45:13:45:15|Referenced variable rsd is not in sensitivity list.</Dynamic>
            <Navigation>CG290</Navigation>
            <Navigation>C:\Users\Sergi\Desktop\Arquitectura de Computadoras\Tareas\grupo3CM1\lcd00\lcdmux00.vhdl</Navigation>
            <Navigation>45</Navigation>
            <Navigation>13</Navigation>
            <Navigation>45</Navigation>
            <Navigation>15</Navigation>
            <Navigation>Referenced variable rsd is not in sensitivity list.</Navigation>
        </Message>
        <Message>
            <ID>2019991</ID>
            <Severity>Warning</Severity>
            <Dynamic>CD276 :&quot;D:\LatticeDiamond\diamond\3.10_x64\cae_library\synthesis\vhdl\machxo2.vhd&quot;:2297:8:2297:15|Map for port sedstdby of component osch not found</Dynamic>
            <Navigation>CD276</Navigation>
            <Navigation>D:\LatticeDiamond\diamond\3.10_x64\cae_library\synthesis\vhdl\machxo2.vhd</Navigation>
            <Navigation>2297</Navigation>
            <Navigation>8</Navigation>
            <Navigation>2297</Navigation>
            <Navigation>15</Navigation>
            <Navigation>Map for port sedstdby of component osch not found</Navigation>
        </Message>
        <Message>
            <ID>2019991</ID>
            <Severity>Warning</Severity>
            <Dynamic>CL260 :&quot;C:\Users\Sergi\Desktop\Arquitectura de Computadoras\Tareas\grupo3CM1\lcd00\lcdconfig00.vhdl&quot;:27:2:27:3|Pruning register bit 6 of outwordconfigc(7 downto 0). If this is not the intended behavior, drive the input with valid values, or an input from the top level.</Dynamic>
            <Navigation>CL260</Navigation>
            <Navigation>C:\Users\Sergi\Desktop\Arquitectura de Computadoras\Tareas\grupo3CM1\lcd00\lcdconfig00.vhdl</Navigation>
            <Navigation>27</Navigation>
            <Navigation>2</Navigation>
            <Navigation>27</Navigation>
            <Navigation>3</Navigation>
            <Navigation>Pruning register bit 6 of outwordconfigc(7 downto 0). If this is not the intended behavior, drive the input with valid values, or an input from the top level.</Navigation>
        </Message>
        <Message>
            <ID>2019991</ID>
            <Severity>Warning</Severity>
            <Dynamic>CL138 :&quot;C:\Users\Sergi\Desktop\Arquitectura de Computadoras\Tareas\grupo3CM1\lcd00\lcdcontdata00.vhdl&quot;:25:2:25:3|Removing register 'RWcd' because it is only assigned 0 or its original value.</Dynamic>
            <Navigation>CL138</Navigation>
            <Navigation>C:\Users\Sergi\Desktop\Arquitectura de Computadoras\Tareas\grupo3CM1\lcd00\lcdcontdata00.vhdl</Navigation>
            <Navigation>25</Navigation>
            <Navigation>2</Navigation>
            <Navigation>25</Navigation>
            <Navigation>3</Navigation>
            <Navigation>Removing register 'RWcd' because it is only assigned 0 or its original value.</Navigation>
        </Message>
        <Message>
            <ID>2019991</ID>
            <Severity>Warning</Severity>
            <Dynamic>CL260 :&quot;C:\Users\Sergi\Desktop\Arquitectura de Computadoras\Tareas\grupo3CM1\lcd00\lcddata00.vhdl&quot;:76:2:76:3|Pruning register bit 7 of outwordd(7 downto 0). If this is not the intended behavior, drive the input with valid values, or an input from the top level.</Dynamic>
            <Navigation>CL260</Navigation>
            <Navigation>C:\Users\Sergi\Desktop\Arquitectura de Computadoras\Tareas\grupo3CM1\lcd00\lcddata00.vhdl</Navigation>
            <Navigation>76</Navigation>
            <Navigation>2</Navigation>
            <Navigation>76</Navigation>
            <Navigation>3</Navigation>
            <Navigation>Pruning register bit 7 of outwordd(7 downto 0). If this is not the intended behavior, drive the input with valid values, or an input from the top level.</Navigation>
        </Message>
        <Message>
            <ID>2019991</ID>
            <Severity>Warning</Severity>
            <Dynamic>MT529 :&quot;c:\users\sergi\desktop\arquitectura de computadoras\tareas\grupo3cm1\osc00vhdl\div00.vhdl&quot;:20:2:20:3|Found inferred clock osc00|osc_int_inferred_clock which controls 23 sequential elements including L00.OS01.sdiv[21:0]. This clock has no specified timing constraint which may prevent conversion of gated or generated clocks and may adversely impact design performance.</Dynamic>
            <Navigation>MT529</Navigation>
            <Navigation>c:\users\sergi\desktop\arquitectura de computadoras\tareas\grupo3cm1\osc00vhdl\div00.vhdl</Navigation>
            <Navigation>20</Navigation>
            <Navigation>2</Navigation>
            <Navigation>20</Navigation>
            <Navigation>3</Navigation>
            <Navigation>Found inferred clock osc00|osc_int_inferred_clock which controls 23 sequential elements including L00.OS01.sdiv[21:0]. This clock has no specified timing constraint which may prevent conversion of gated or generated clocks and may adversely impact design performance. </Navigation>
        </Message>
        <Message>
            <ID>2019993</ID>
            <Severity>Warning</Severity>
            <Dynamic>MT420 |Found inferred clock osc00|osc_int_inferred_clock with period 480.77ns. Please declare a user-defined clock on object &quot;n:L00.OS00.osc_int&quot;</Dynamic>
            <Navigation>MT420</Navigation>
            <Navigation>Found inferred clock osc00|osc_int_inferred_clock with period 480.77ns. Please declare a user-defined clock on object &quot;n:L00.OS00.osc_int&quot;</Navigation>
        </Message>
    </Task>
</BaliMessageLog>