<?xml version="1.0" encoding="UTF-8"?>
<BaliMessageLog>
    <Task name="Synplify_Synthesis">
        <Message>
            <ID>2011000</ID>
            <Severity>Info</Severity>
        </Message>
        <Message>
            <ID>2019991</ID>
            <Severity>Warning</Severity>
            <Dynamic>CG296 :&quot;C:\Users\James\Documents\ESCOM_SEMESTRE_6\3CM2_ARQUITECTURA\Project3CM2MachX02\adder4bitArith00\topadder4bitArith.vhd&quot;:17:1:17:7|Incomplete sensitivity list; assuming completeness. Make sure all referenced variables in message CG290 are included in the sensitivity list.</Dynamic>
            <Navigation>CG296</Navigation>
            <Navigation>C:\Users\James\Documents\ESCOM_SEMESTRE_6\3CM2_ARQUITECTURA\Project3CM2MachX02\adder4bitArith00\topadder4bitArith.vhd</Navigation>
            <Navigation>17</Navigation>
            <Navigation>1</Navigation>
            <Navigation>17</Navigation>
            <Navigation>7</Navigation>
            <Navigation>Incomplete sensitivity list; assuming completeness. Make sure all referenced variables in message CG290 are included in the sensitivity list.</Navigation>
        </Message>
        <Message>
            <ID>2019991</ID>
            <Severity>Warning</Severity>
            <Dynamic>CG290 :&quot;C:\Users\James\Documents\ESCOM_SEMESTRE_6\3CM2_ARQUITECTURA\Project3CM2MachX02\adder4bitArith00\topadder4bitArith.vhd&quot;:20:32:20:35|Referenced variable num2 is not in sensitivity list.</Dynamic>
            <Navigation>CG290</Navigation>
            <Navigation>C:\Users\James\Documents\ESCOM_SEMESTRE_6\3CM2_ARQUITECTURA\Project3CM2MachX02\adder4bitArith00\topadder4bitArith.vhd</Navigation>
            <Navigation>20</Navigation>
            <Navigation>32</Navigation>
            <Navigation>20</Navigation>
            <Navigation>35</Navigation>
            <Navigation>Referenced variable num2 is not in sensitivity list.</Navigation>
        </Message>
        <Message>
            <ID>2019991</ID>
            <Severity>Warning</Severity>
            <Dynamic>CG290 :&quot;C:\Users\James\Documents\ESCOM_SEMESTRE_6\3CM2_ARQUITECTURA\Project3CM2MachX02\adder4bitArith00\topadder4bitArith.vhd&quot;:20:17:20:20|Referenced variable num1 is not in sensitivity list.</Dynamic>
            <Navigation>CG290</Navigation>
            <Navigation>C:\Users\James\Documents\ESCOM_SEMESTRE_6\3CM2_ARQUITECTURA\Project3CM2MachX02\adder4bitArith00\topadder4bitArith.vhd</Navigation>
            <Navigation>20</Navigation>
            <Navigation>17</Navigation>
            <Navigation>20</Navigation>
            <Navigation>20</Navigation>
            <Navigation>Referenced variable num1 is not in sensitivity list.</Navigation>
        </Message>
    </Task>
</BaliMessageLog>