<?xml version="1.0" encoding="UTF-8"?>
<BaliMessageLog>
    <Task name="Translate">
        <Message>
            <ID>1166052</ID>
            <Severity>Warning</Severity>
            <Dynamic>logical</Dynamic>
            <Dynamic>AC00/OS00/OSCInst0_SEDSTDBY</Dynamic>
            <Navigation>AC00/OS00/OSCInst0_SEDSTDBY</Navigation>
        </Message>
        <Message>
            <ID>1163101</ID>
            <Severity>Warning</Severity>
            <Dynamic>1</Dynamic>
        </Message>
    </Task>
    <Task name="Synplify_Synthesis">
        <Message>
            <ID>2011000</ID>
            <Severity>Info</Severity>
        </Message>
        <Message>
            <ID>2019991</ID>
            <Severity>Warning</Severity>
            <Dynamic>CL169 :&quot;F:\alu00\mult8bita00.vhdl&quot;:25:2:25:3|Pruning unused register outFlagmultal_cl_7. Make sure that there are no unused intermediate registers.</Dynamic>
            <Navigation>CL169</Navigation>
            <Navigation>F:\alu00\mult8bita00.vhdl</Navigation>
            <Navigation>25</Navigation>
            <Navigation>2</Navigation>
            <Navigation>25</Navigation>
            <Navigation>3</Navigation>
            <Navigation>Pruning unused register outFlagmultal_cl_7. Make sure that there are no unused intermediate registers.</Navigation>
        </Message>
        <Message>
            <ID>2019991</ID>
            <Severity>Warning</Severity>
            <Dynamic>CL169 :&quot;F:\alu00\substract8bita00.vhdl&quot;:25:2:25:3|Pruning unused register outFlagsubsal_cl_7. Make sure that there are no unused intermediate registers.</Dynamic>
            <Navigation>CL169</Navigation>
            <Navigation>F:\alu00\substract8bita00.vhdl</Navigation>
            <Navigation>25</Navigation>
            <Navigation>2</Navigation>
            <Navigation>25</Navigation>
            <Navigation>3</Navigation>
            <Navigation>Pruning unused register outFlagsubsal_cl_7. Make sure that there are no unused intermediate registers.</Navigation>
        </Message>
        <Message>
            <ID>2019991</ID>
            <Severity>Warning</Severity>
            <Dynamic>CL169 :&quot;F:\alu00\adder8bita00.vhdl&quot;:25:2:25:3|Pruning unused register outFlagadderal_cl_7. Make sure that there are no unused intermediate registers.</Dynamic>
            <Navigation>CL169</Navigation>
            <Navigation>F:\alu00\adder8bita00.vhdl</Navigation>
            <Navigation>25</Navigation>
            <Navigation>2</Navigation>
            <Navigation>25</Navigation>
            <Navigation>3</Navigation>
            <Navigation>Pruning unused register outFlagadderal_cl_7. Make sure that there are no unused intermediate registers.</Navigation>
        </Message>
        <Message>
            <ID>2019991</ID>
            <Severity>Warning</Severity>
            <Dynamic>CL169 :&quot;F:\alu00\nota00.vhdl&quot;:23:2:23:3|Pruning unused register outFlagnotaal_cl_7. Make sure that there are no unused intermediate registers.</Dynamic>
            <Navigation>CL169</Navigation>
            <Navigation>F:\alu00\nota00.vhdl</Navigation>
            <Navigation>23</Navigation>
            <Navigation>2</Navigation>
            <Navigation>23</Navigation>
            <Navigation>3</Navigation>
            <Navigation>Pruning unused register outFlagnotaal_cl_7. Make sure that there are no unused intermediate registers.</Navigation>
        </Message>
        <Message>
            <ID>2019991</ID>
            <Severity>Warning</Severity>
            <Dynamic>CL169 :&quot;F:\alu00\xnora00.vhdl&quot;:23:2:23:3|Pruning unused register outFlagxnoral_cl_7. Make sure that there are no unused intermediate registers.</Dynamic>
            <Navigation>CL169</Navigation>
            <Navigation>F:\alu00\xnora00.vhdl</Navigation>
            <Navigation>23</Navigation>
            <Navigation>2</Navigation>
            <Navigation>23</Navigation>
            <Navigation>3</Navigation>
            <Navigation>Pruning unused register outFlagxnoral_cl_7. Make sure that there are no unused intermediate registers.</Navigation>
        </Message>
        <Message>
            <ID>2019991</ID>
            <Severity>Warning</Severity>
            <Dynamic>CL169 :&quot;F:\alu00\nora00.vhdl&quot;:23:2:23:3|Pruning unused register outFlagnoral_cl_7. Make sure that there are no unused intermediate registers.</Dynamic>
            <Navigation>CL169</Navigation>
            <Navigation>F:\alu00\nora00.vhdl</Navigation>
            <Navigation>23</Navigation>
            <Navigation>2</Navigation>
            <Navigation>23</Navigation>
            <Navigation>3</Navigation>
            <Navigation>Pruning unused register outFlagnoral_cl_7. Make sure that there are no unused intermediate registers.</Navigation>
        </Message>
        <Message>
            <ID>2019991</ID>
            <Severity>Warning</Severity>
            <Dynamic>CL169 :&quot;F:\alu00\nanda00.vhdl&quot;:23:2:23:3|Pruning unused register outFlagaal_cl_7. Make sure that there are no unused intermediate registers.</Dynamic>
            <Navigation>CL169</Navigation>
            <Navigation>F:\alu00\nanda00.vhdl</Navigation>
            <Navigation>23</Navigation>
            <Navigation>2</Navigation>
            <Navigation>23</Navigation>
            <Navigation>3</Navigation>
            <Navigation>Pruning unused register outFlagaal_cl_7. Make sure that there are no unused intermediate registers.</Navigation>
        </Message>
        <Message>
            <ID>2019991</ID>
            <Severity>Warning</Severity>
            <Dynamic>CL169 :&quot;F:\alu00\xora00.vhdl&quot;:23:2:23:3|Pruning unused register outFlagxoral_cl_7. Make sure that there are no unused intermediate registers.</Dynamic>
            <Navigation>CL169</Navigation>
            <Navigation>F:\alu00\xora00.vhdl</Navigation>
            <Navigation>23</Navigation>
            <Navigation>2</Navigation>
            <Navigation>23</Navigation>
            <Navigation>3</Navigation>
            <Navigation>Pruning unused register outFlagxoral_cl_7. Make sure that there are no unused intermediate registers.</Navigation>
        </Message>
        <Message>
            <ID>2019991</ID>
            <Severity>Warning</Severity>
            <Dynamic>CL169 :&quot;F:\alu00\ora00.vhdl&quot;:23:2:23:3|Pruning unused register outFlagoral_cl_7. Make sure that there are no unused intermediate registers.</Dynamic>
            <Navigation>CL169</Navigation>
            <Navigation>F:\alu00\ora00.vhdl</Navigation>
            <Navigation>23</Navigation>
            <Navigation>2</Navigation>
            <Navigation>23</Navigation>
            <Navigation>3</Navigation>
            <Navigation>Pruning unused register outFlagoral_cl_7. Make sure that there are no unused intermediate registers.</Navigation>
        </Message>
        <Message>
            <ID>2019991</ID>
            <Severity>Warning</Severity>
            <Dynamic>CL169 :&quot;F:\alu00\anda00.vhdl&quot;:23:2:23:3|Pruning unused register outFlagal_cl_7. Make sure that there are no unused intermediate registers.</Dynamic>
            <Navigation>CL169</Navigation>
            <Navigation>F:\alu00\anda00.vhdl</Navigation>
            <Navigation>23</Navigation>
            <Navigation>2</Navigation>
            <Navigation>23</Navigation>
            <Navigation>3</Navigation>
            <Navigation>Pruning unused register outFlagal_cl_7. Make sure that there are no unused intermediate registers.</Navigation>
        </Message>
        <Message>
            <ID>2019991</ID>
            <Severity>Warning</Severity>
            <Dynamic>CD276 :&quot;C:\lscc\diamond\3.10_x64\cae_library\synthesis\vhdl\machxo2.vhd&quot;:2297:8:2297:15|Map for port sedstdby of component osch not found</Dynamic>
            <Navigation>CD276</Navigation>
            <Navigation>C:\lscc\diamond\3.10_x64\cae_library\synthesis\vhdl\machxo2.vhd</Navigation>
            <Navigation>2297</Navigation>
            <Navigation>8</Navigation>
            <Navigation>2297</Navigation>
            <Navigation>15</Navigation>
            <Navigation>Map for port sedstdby of component osch not found</Navigation>
        </Message>
        <Message>
            <ID>2019991</ID>
            <Severity>Warning</Severity>
            <Dynamic>CL240 :&quot;F:\alu00\topalu00.vhdl&quot;:17:2:17:8|Signal outac01 is floating; a simulation mismatch is possible.</Dynamic>
            <Navigation>CL240</Navigation>
            <Navigation>F:\alu00\topalu00.vhdl</Navigation>
            <Navigation>17</Navigation>
            <Navigation>2</Navigation>
            <Navigation>17</Navigation>
            <Navigation>8</Navigation>
            <Navigation>Signal outac01 is floating; a simulation mismatch is possible.</Navigation>
        </Message>
        <Message>
            <ID>2019993</ID>
            <Severity>Warning</Severity>
            <Dynamic>FX474 |User-specified initial value defined for some sequential elements which can prevent optimum synthesis results from being achieved.</Dynamic>
            <Navigation>FX474</Navigation>
            <Navigation>User-specified initial value defined for some sequential elements which can prevent optimum synthesis results from being achieved. </Navigation>
        </Message>
        <Message>
            <ID>2019991</ID>
            <Severity>Warning</Severity>
            <Dynamic>MT529 :&quot;f:\osc00vhdl\div00.vhdl&quot;:20:0:20:1|Found inferred clock osc00|osc_int_inferred_clock which controls 23 sequential elements including AC00.OS01.sdiv[21:0]. This clock has no specified timing constraint which may prevent conversion of gated or generated clocks and may adversely impact design performance.</Dynamic>
            <Navigation>MT529</Navigation>
            <Navigation>f:\osc00vhdl\div00.vhdl</Navigation>
            <Navigation>20</Navigation>
            <Navigation>0</Navigation>
            <Navigation>20</Navigation>
            <Navigation>1</Navigation>
            <Navigation>Found inferred clock osc00|osc_int_inferred_clock which controls 23 sequential elements including AC00.OS01.sdiv[21:0]. This clock has no specified timing constraint which may prevent conversion of gated or generated clocks and may adversely impact design performance. </Navigation>
        </Message>
        <Message>
            <ID>2019991</ID>
            <Severity>Warning</Severity>
            <Dynamic>BN132 :&quot;f:\alu00\substract8bita00.vhdl&quot;:27:4:27:7|Removing user instance AC09.outsubsal_cl_15[7] because it is equivalent to instance AC09.outsubsal_cl_14[7]. To keep the instance, apply constraint syn_preserve=1 on the instance.</Dynamic>
            <Navigation>BN132</Navigation>
            <Navigation>f:\alu00\substract8bita00.vhdl</Navigation>
            <Navigation>27</Navigation>
            <Navigation>4</Navigation>
            <Navigation>27</Navigation>
            <Navigation>7</Navigation>
            <Navigation>Removing user instance AC09.outsubsal_cl_15[7] because it is equivalent to instance AC09.outsubsal_cl_14[7]. To keep the instance, apply constraint syn_preserve=1 on the instance.</Navigation>
        </Message>
        <Message>
            <ID>2019991</ID>
            <Severity>Warning</Severity>
            <Dynamic>BN132 :&quot;f:\alu00\substract8bita00.vhdl&quot;:27:4:27:7|Removing user instance AC09.outsubsal_cl_14[7] because it is equivalent to instance AC09.outsubsal_cl_12[7]. To keep the instance, apply constraint syn_preserve=1 on the instance.</Dynamic>
            <Navigation>BN132</Navigation>
            <Navigation>f:\alu00\substract8bita00.vhdl</Navigation>
            <Navigation>27</Navigation>
            <Navigation>4</Navigation>
            <Navigation>27</Navigation>
            <Navigation>7</Navigation>
            <Navigation>Removing user instance AC09.outsubsal_cl_14[7] because it is equivalent to instance AC09.outsubsal_cl_12[7]. To keep the instance, apply constraint syn_preserve=1 on the instance.</Navigation>
        </Message>
        <Message>
            <ID>2019991</ID>
            <Severity>Warning</Severity>
            <Dynamic>BN132 :&quot;f:\alu00\substract8bita00.vhdl&quot;:27:4:27:7|Removing user instance AC09.outsubsal_cl_13[7] because it is equivalent to instance AC09.outsubsal_cl_11[7]. To keep the instance, apply constraint syn_preserve=1 on the instance.</Dynamic>
            <Navigation>BN132</Navigation>
            <Navigation>f:\alu00\substract8bita00.vhdl</Navigation>
            <Navigation>27</Navigation>
            <Navigation>4</Navigation>
            <Navigation>27</Navigation>
            <Navigation>7</Navigation>
            <Navigation>Removing user instance AC09.outsubsal_cl_13[7] because it is equivalent to instance AC09.outsubsal_cl_11[7]. To keep the instance, apply constraint syn_preserve=1 on the instance.</Navigation>
        </Message>
        <Message>
            <ID>2019991</ID>
            <Severity>Warning</Severity>
            <Dynamic>BN132 :&quot;f:\alu00\substract8bita00.vhdl&quot;:27:4:27:7|Removing user instance AC09.outsubsal_cl_12[7] because it is equivalent to instance AC09.outsubsal_cl_10[7]. To keep the instance, apply constraint syn_preserve=1 on the instance.</Dynamic>
            <Navigation>BN132</Navigation>
            <Navigation>f:\alu00\substract8bita00.vhdl</Navigation>
            <Navigation>27</Navigation>
            <Navigation>4</Navigation>
            <Navigation>27</Navigation>
            <Navigation>7</Navigation>
            <Navigation>Removing user instance AC09.outsubsal_cl_12[7] because it is equivalent to instance AC09.outsubsal_cl_10[7]. To keep the instance, apply constraint syn_preserve=1 on the instance.</Navigation>
        </Message>
        <Message>
            <ID>2019991</ID>
            <Severity>Warning</Severity>
            <Dynamic>BN132 :&quot;f:\alu00\substract8bita00.vhdl&quot;:27:4:27:7|Removing user instance AC09.outsubsal_cl_11[7] because it is equivalent to instance AC09.outsubsal_cl_9[7]. To keep the instance, apply constraint syn_preserve=1 on the instance.</Dynamic>
            <Navigation>BN132</Navigation>
            <Navigation>f:\alu00\substract8bita00.vhdl</Navigation>
            <Navigation>27</Navigation>
            <Navigation>4</Navigation>
            <Navigation>27</Navigation>
            <Navigation>7</Navigation>
            <Navigation>Removing user instance AC09.outsubsal_cl_11[7] because it is equivalent to instance AC09.outsubsal_cl_9[7]. To keep the instance, apply constraint syn_preserve=1 on the instance.</Navigation>
        </Message>
        <Message>
            <ID>2019991</ID>
            <Severity>Warning</Severity>
            <Dynamic>BN132 :&quot;f:\alu00\substract8bita00.vhdl&quot;:27:4:27:7|Removing user instance AC09.outsubsal_cl_10[7] because it is equivalent to instance AC09.outsubsal_cl_8[7]. To keep the instance, apply constraint syn_preserve=1 on the instance.</Dynamic>
            <Navigation>BN132</Navigation>
            <Navigation>f:\alu00\substract8bita00.vhdl</Navigation>
            <Navigation>27</Navigation>
            <Navigation>4</Navigation>
            <Navigation>27</Navigation>
            <Navigation>7</Navigation>
            <Navigation>Removing user instance AC09.outsubsal_cl_10[7] because it is equivalent to instance AC09.outsubsal_cl_8[7]. To keep the instance, apply constraint syn_preserve=1 on the instance.</Navigation>
        </Message>
        <Message>
            <ID>2019991</ID>
            <Severity>Warning</Severity>
            <Dynamic>BN132 :&quot;f:\alu00\substract8bita00.vhdl&quot;:26:3:26:4|Removing user instance AC09.outsubsal_cl_22[7] because it is equivalent to instance AC09.outsubsal_cl_21[7]. To keep the instance, apply constraint syn_preserve=1 on the instance.</Dynamic>
            <Navigation>BN132</Navigation>
            <Navigation>f:\alu00\substract8bita00.vhdl</Navigation>
            <Navigation>26</Navigation>
            <Navigation>3</Navigation>
            <Navigation>26</Navigation>
            <Navigation>4</Navigation>
            <Navigation>Removing user instance AC09.outsubsal_cl_22[7] because it is equivalent to instance AC09.outsubsal_cl_21[7]. To keep the instance, apply constraint syn_preserve=1 on the instance.</Navigation>
        </Message>
        <Message>
            <ID>2019991</ID>
            <Severity>Warning</Severity>
            <Dynamic>BN132 :&quot;f:\alu00\substract8bita00.vhdl&quot;:26:3:26:4|Removing user instance AC09.outsubsal_cl_21[7] because it is equivalent to instance AC09.outsubsal_cl_23[7]. To keep the instance, apply constraint syn_preserve=1 on the instance.</Dynamic>
            <Navigation>BN132</Navigation>
            <Navigation>f:\alu00\substract8bita00.vhdl</Navigation>
            <Navigation>26</Navigation>
            <Navigation>3</Navigation>
            <Navigation>26</Navigation>
            <Navigation>4</Navigation>
            <Navigation>Removing user instance AC09.outsubsal_cl_21[7] because it is equivalent to instance AC09.outsubsal_cl_23[7]. To keep the instance, apply constraint syn_preserve=1 on the instance.</Navigation>
        </Message>
        <Message>
            <ID>2019991</ID>
            <Severity>Warning</Severity>
            <Dynamic>BN132 :&quot;f:\alu00\substract8bita00.vhdl&quot;:26:3:26:4|Removing user instance AC09.outsubsal_cl_20[7] because it is equivalent to instance AC09.outsubsal_cl_18[7]. To keep the instance, apply constraint syn_preserve=1 on the instance.</Dynamic>
            <Navigation>BN132</Navigation>
            <Navigation>f:\alu00\substract8bita00.vhdl</Navigation>
            <Navigation>26</Navigation>
            <Navigation>3</Navigation>
            <Navigation>26</Navigation>
            <Navigation>4</Navigation>
            <Navigation>Removing user instance AC09.outsubsal_cl_20[7] because it is equivalent to instance AC09.outsubsal_cl_18[7]. To keep the instance, apply constraint syn_preserve=1 on the instance.</Navigation>
        </Message>
        <Message>
            <ID>2019991</ID>
            <Severity>Warning</Severity>
            <Dynamic>BN132 :&quot;f:\alu00\substract8bita00.vhdl&quot;:26:3:26:4|Removing user instance AC09.outsubsal_cl_23[7] because it is equivalent to instance AC09.outsubsal_cl_17[7]. To keep the instance, apply constraint syn_preserve=1 on the instance.</Dynamic>
            <Navigation>BN132</Navigation>
            <Navigation>f:\alu00\substract8bita00.vhdl</Navigation>
            <Navigation>26</Navigation>
            <Navigation>3</Navigation>
            <Navigation>26</Navigation>
            <Navigation>4</Navigation>
            <Navigation>Removing user instance AC09.outsubsal_cl_23[7] because it is equivalent to instance AC09.outsubsal_cl_17[7]. To keep the instance, apply constraint syn_preserve=1 on the instance.</Navigation>
        </Message>
        <Message>
            <ID>2019993</ID>
            <Severity>Warning</Severity>
            <Dynamic>MT420 |Found inferred clock osc00|osc_int_inferred_clock with period 480.77ns. Please declare a user-defined clock on object &quot;n:AC00.OS00.osc_int&quot;</Dynamic>
            <Navigation>MT420</Navigation>
            <Navigation>Found inferred clock osc00|osc_int_inferred_clock with period 480.77ns. Please declare a user-defined clock on object &quot;n:AC00.OS00.osc_int&quot;</Navigation>
        </Message>
    </Task>
</BaliMessageLog>