<?xml version="1.0" encoding="UTF-8"?>
<BaliMessageLog>
    <Task name="Synplify_Synthesis">
        <Message>
            <ID>2011000</ID>
            <Severity>Info</Severity>
        </Message>
        <Message>
            <ID>2019993</ID>
            <Severity>Warning</Severity>
            <Dynamic>FX474 |User-specified initial value defined for some sequential elements which can prevent optimum synthesis results from being achieved.</Dynamic>
            <Navigation>FX474</Navigation>
            <Navigation>User-specified initial value defined for some sequential elements which can prevent optimum synthesis results from being achieved. </Navigation>
        </Message>
        <Message>
            <ID>2019991</ID>
            <Severity>Warning</Severity>
            <Dynamic>MT529 :&quot;f:\alu02\acal00.vhdl&quot;:21:2:21:3|Found inferred clock acal00|clkacal which controls 10 sequential elements including aux. This clock has no specified timing constraint which may prevent conversion of gated or generated clocks and may adversely impact design performance.</Dynamic>
            <Navigation>MT529</Navigation>
            <Navigation>f:\alu02\acal00.vhdl</Navigation>
            <Navigation>21</Navigation>
            <Navigation>2</Navigation>
            <Navigation>21</Navigation>
            <Navigation>3</Navigation>
            <Navigation>Found inferred clock acal00|clkacal which controls 10 sequential elements including aux. This clock has no specified timing constraint which may prevent conversion of gated or generated clocks and may adversely impact design performance. </Navigation>
        </Message>
        <Message>
            <ID>2019993</ID>
            <Severity>Warning</Severity>
            <Dynamic>MT420 |Found inferred clock acal00|clkacal with period 1000.00ns. Please declare a user-defined clock on object &quot;p:clkacal&quot;</Dynamic>
            <Navigation>MT420</Navigation>
            <Navigation>Found inferred clock acal00|clkacal with period 1000.00ns. Please declare a user-defined clock on object &quot;p:clkacal&quot;</Navigation>
        </Message>
    </Task>
</BaliMessageLog>