<?xml version="1.0" encoding="UTF-8"?>
<BaliMessageLog>
    <Task name="Map">
        <Message>
            <ID>51001030</ID>
            <Severity>Warning</Severity>
            <Dynamic>clr0_c</Dynamic>
        </Message>
    </Task>
    <Task name="Translate">
        <Message>
            <ID>1166052</ID>
            <Severity>Warning</Severity>
            <Dynamic>logical</Dynamic>
            <Dynamic>U0/OS00/OSCInst0_SEDSTDBY</Dynamic>
            <Navigation>U0/OS00/OSCInst0_SEDSTDBY</Navigation>
        </Message>
        <Message>
            <ID>1163101</ID>
            <Severity>Warning</Severity>
            <Dynamic>1</Dynamic>
        </Message>
    </Task>
    <Task name="Synplify_Synthesis">
        <Message>
            <ID>2011000</ID>
            <Severity>Info</Severity>
        </Message>
        <Message>
            <ID>2019991</ID>
            <Severity>Warning</Severity>
            <Dynamic>CD326 :&quot;F:\hghg\LCDram\toplcdram00.vhdl&quot;:33:1:33:2|Port led2 of entity work.lcdram00 is unconnected. If a port needs to remain unconnected, use the keyword open.</Dynamic>
            <Navigation>CD326</Navigation>
            <Navigation>F:\hghg\LCDram\toplcdram00.vhdl</Navigation>
            <Navigation>33</Navigation>
            <Navigation>1</Navigation>
            <Navigation>33</Navigation>
            <Navigation>2</Navigation>
            <Navigation>Port led2 of entity work.lcdram00 is unconnected. If a port needs to remain unconnected, use the keyword open.</Navigation>
        </Message>
        <Message>
            <ID>2019991</ID>
            <Severity>Warning</Severity>
            <Dynamic>CG296 :&quot;F:\hghg\LCDram\lcdram00.vhdl&quot;:94:0:94:6|Incomplete sensitivity list; assuming completeness. Make sure all referenced variables in message CG290 are included in the sensitivity list.</Dynamic>
            <Navigation>CG296</Navigation>
            <Navigation>F:\hghg\LCDram\lcdram00.vhdl</Navigation>
            <Navigation>94</Navigation>
            <Navigation>0</Navigation>
            <Navigation>94</Navigation>
            <Navigation>6</Navigation>
            <Navigation>Incomplete sensitivity list; assuming completeness. Make sure all referenced variables in message CG290 are included in the sensitivity list.</Navigation>
        </Message>
        <Message>
            <ID>2019991</ID>
            <Severity>Warning</Severity>
            <Dynamic>CG290 :&quot;F:\hghg\LCDram\lcdram00.vhdl&quot;:96:3:96:5|Referenced variable clr is not in sensitivity list.</Dynamic>
            <Navigation>CG290</Navigation>
            <Navigation>F:\hghg\LCDram\lcdram00.vhdl</Navigation>
            <Navigation>96</Navigation>
            <Navigation>3</Navigation>
            <Navigation>96</Navigation>
            <Navigation>5</Navigation>
            <Navigation>Referenced variable clr is not in sensitivity list.</Navigation>
        </Message>
        <Message>
            <ID>2019991</ID>
            <Severity>Warning</Severity>
            <Dynamic>CL240 :&quot;F:\hghg\LCDram\lcdram00.vhdl&quot;:16:1:16:4|Signal LED2 is floating; a simulation mismatch is possible.</Dynamic>
            <Navigation>CL240</Navigation>
            <Navigation>F:\hghg\LCDram\lcdram00.vhdl</Navigation>
            <Navigation>16</Navigation>
            <Navigation>1</Navigation>
            <Navigation>16</Navigation>
            <Navigation>4</Navigation>
            <Navigation>Signal LED2 is floating; a simulation mismatch is possible.</Navigation>
        </Message>
        <Message>
            <ID>2019991</ID>
            <Severity>Warning</Severity>
            <Dynamic>CD276 :&quot;C:\lscc\diamond\3.10_x64\cae_library\synthesis\vhdl\machxo2.vhd&quot;:2297:8:2297:15|Map for port sedstdby of component osch not found</Dynamic>
            <Navigation>CD276</Navigation>
            <Navigation>C:\lscc\diamond\3.10_x64\cae_library\synthesis\vhdl\machxo2.vhd</Navigation>
            <Navigation>2297</Navigation>
            <Navigation>8</Navigation>
            <Navigation>2297</Navigation>
            <Navigation>15</Navigation>
            <Navigation>Map for port sedstdby of component osch not found</Navigation>
        </Message>
        <Message>
            <ID>2019993</ID>
            <Severity>Warning</Severity>
            <Dynamic>FX474 |User-specified initial value defined for some sequential elements which can prevent optimum synthesis results from being achieved.</Dynamic>
            <Navigation>FX474</Navigation>
            <Navigation>User-specified initial value defined for some sequential elements which can prevent optimum synthesis results from being achieved. </Navigation>
        </Message>
        <Message>
            <ID>2019991</ID>
            <Severity>Warning</Severity>
            <Dynamic>MT529 :&quot;f:\osc00vhdl\div00.vhdl&quot;:20:0:20:1|Found inferred clock osc00|osc_int_inferred_clock which controls 23 sequential elements including U0.OS01.sdiv[21:0]. This clock has no specified timing constraint which may prevent conversion of gated or generated clocks and may adversely impact design performance.</Dynamic>
            <Navigation>MT529</Navigation>
            <Navigation>f:\osc00vhdl\div00.vhdl</Navigation>
            <Navigation>20</Navigation>
            <Navigation>0</Navigation>
            <Navigation>20</Navigation>
            <Navigation>1</Navigation>
            <Navigation>Found inferred clock osc00|osc_int_inferred_clock which controls 23 sequential elements including U0.OS01.sdiv[21:0]. This clock has no specified timing constraint which may prevent conversion of gated or generated clocks and may adversely impact design performance. </Navigation>
        </Message>
        <Message>
            <ID>2019991</ID>
            <Severity>Warning</Severity>
            <Dynamic>BN132 :&quot;f:\hghg\lcdram\lcdram00.vhdl&quot;:96:0:96:1|Removing instance U1.c_key[7] because it is equivalent to instance U1.c_key[5]. To keep the instance, apply constraint syn_preserve=1 on the instance.</Dynamic>
            <Navigation>BN132</Navigation>
            <Navigation>f:\hghg\lcdram\lcdram00.vhdl</Navigation>
            <Navigation>96</Navigation>
            <Navigation>0</Navigation>
            <Navigation>96</Navigation>
            <Navigation>1</Navigation>
            <Navigation>Removing instance U1.c_key[7] because it is equivalent to instance U1.c_key[5]. To keep the instance, apply constraint syn_preserve=1 on the instance.</Navigation>
        </Message>
        <Message>
            <ID>2019991</ID>
            <Severity>Warning</Severity>
            <Dynamic>BN132 :&quot;f:\hghg\lcdram\lcdram00.vhdl&quot;:96:0:96:1|Removing instance U1.ram_33[7] because it is equivalent to instance U1.ram_33[5]. To keep the instance, apply constraint syn_preserve=1 on the instance.</Dynamic>
            <Navigation>BN132</Navigation>
            <Navigation>f:\hghg\lcdram\lcdram00.vhdl</Navigation>
            <Navigation>96</Navigation>
            <Navigation>0</Navigation>
            <Navigation>96</Navigation>
            <Navigation>1</Navigation>
            <Navigation>Removing instance U1.ram_33[7] because it is equivalent to instance U1.ram_33[5]. To keep the instance, apply constraint syn_preserve=1 on the instance.</Navigation>
        </Message>
        <Message>
            <ID>2019991</ID>
            <Severity>Warning</Severity>
            <Dynamic>BN132 :&quot;f:\hghg\lcdram\lcdram00.vhdl&quot;:96:0:96:1|Removing instance U1.ram_0[7] because it is equivalent to instance U1.ram_0[5]. To keep the instance, apply constraint syn_preserve=1 on the instance.</Dynamic>
            <Navigation>BN132</Navigation>
            <Navigation>f:\hghg\lcdram\lcdram00.vhdl</Navigation>
            <Navigation>96</Navigation>
            <Navigation>0</Navigation>
            <Navigation>96</Navigation>
            <Navigation>1</Navigation>
            <Navigation>Removing instance U1.ram_0[7] because it is equivalent to instance U1.ram_0[5]. To keep the instance, apply constraint syn_preserve=1 on the instance.</Navigation>
        </Message>
        <Message>
            <ID>2019991</ID>
            <Severity>Warning</Severity>
            <Dynamic>BN132 :&quot;f:\hghg\lcdram\lcdram00.vhdl&quot;:96:0:96:1|Removing instance U1.ram_1[7] because it is equivalent to instance U1.ram_1[5]. To keep the instance, apply constraint syn_preserve=1 on the instance.</Dynamic>
            <Navigation>BN132</Navigation>
            <Navigation>f:\hghg\lcdram\lcdram00.vhdl</Navigation>
            <Navigation>96</Navigation>
            <Navigation>0</Navigation>
            <Navigation>96</Navigation>
            <Navigation>1</Navigation>
            <Navigation>Removing instance U1.ram_1[7] because it is equivalent to instance U1.ram_1[5]. To keep the instance, apply constraint syn_preserve=1 on the instance.</Navigation>
        </Message>
        <Message>
            <ID>2019991</ID>
            <Severity>Warning</Severity>
            <Dynamic>BN132 :&quot;f:\hghg\lcdram\lcdram00.vhdl&quot;:96:0:96:1|Removing instance U1.ram_2[7] because it is equivalent to instance U1.ram_2[5]. To keep the instance, apply constraint syn_preserve=1 on the instance.</Dynamic>
            <Navigation>BN132</Navigation>
            <Navigation>f:\hghg\lcdram\lcdram00.vhdl</Navigation>
            <Navigation>96</Navigation>
            <Navigation>0</Navigation>
            <Navigation>96</Navigation>
            <Navigation>1</Navigation>
            <Navigation>Removing instance U1.ram_2[7] because it is equivalent to instance U1.ram_2[5]. To keep the instance, apply constraint syn_preserve=1 on the instance.</Navigation>
        </Message>
        <Message>
            <ID>2019991</ID>
            <Severity>Warning</Severity>
            <Dynamic>BN132 :&quot;f:\hghg\lcdram\lcdram00.vhdl&quot;:96:0:96:1|Removing instance U1.ram_3[7] because it is equivalent to instance U1.ram_3[5]. To keep the instance, apply constraint syn_preserve=1 on the instance.</Dynamic>
            <Navigation>BN132</Navigation>
            <Navigation>f:\hghg\lcdram\lcdram00.vhdl</Navigation>
            <Navigation>96</Navigation>
            <Navigation>0</Navigation>
            <Navigation>96</Navigation>
            <Navigation>1</Navigation>
            <Navigation>Removing instance U1.ram_3[7] because it is equivalent to instance U1.ram_3[5]. To keep the instance, apply constraint syn_preserve=1 on the instance.</Navigation>
        </Message>
        <Message>
            <ID>2019991</ID>
            <Severity>Warning</Severity>
            <Dynamic>BN132 :&quot;f:\hghg\lcdram\lcdram00.vhdl&quot;:96:0:96:1|Removing instance U1.ram_4[7] because it is equivalent to instance U1.ram_4[5]. To keep the instance, apply constraint syn_preserve=1 on the instance.</Dynamic>
            <Navigation>BN132</Navigation>
            <Navigation>f:\hghg\lcdram\lcdram00.vhdl</Navigation>
            <Navigation>96</Navigation>
            <Navigation>0</Navigation>
            <Navigation>96</Navigation>
            <Navigation>1</Navigation>
            <Navigation>Removing instance U1.ram_4[7] because it is equivalent to instance U1.ram_4[5]. To keep the instance, apply constraint syn_preserve=1 on the instance.</Navigation>
        </Message>
        <Message>
            <ID>2019991</ID>
            <Severity>Warning</Severity>
            <Dynamic>BN132 :&quot;f:\hghg\lcdram\lcdram00.vhdl&quot;:96:0:96:1|Removing instance U1.ram_5[7] because it is equivalent to instance U1.ram_5[5]. To keep the instance, apply constraint syn_preserve=1 on the instance.</Dynamic>
            <Navigation>BN132</Navigation>
            <Navigation>f:\hghg\lcdram\lcdram00.vhdl</Navigation>
            <Navigation>96</Navigation>
            <Navigation>0</Navigation>
            <Navigation>96</Navigation>
            <Navigation>1</Navigation>
            <Navigation>Removing instance U1.ram_5[7] because it is equivalent to instance U1.ram_5[5]. To keep the instance, apply constraint syn_preserve=1 on the instance.</Navigation>
        </Message>
        <Message>
            <ID>2019991</ID>
            <Severity>Warning</Severity>
            <Dynamic>BN132 :&quot;f:\hghg\lcdram\lcdram00.vhdl&quot;:96:0:96:1|Removing instance U1.ram_6[7] because it is equivalent to instance U1.ram_6[5]. To keep the instance, apply constraint syn_preserve=1 on the instance.</Dynamic>
            <Navigation>BN132</Navigation>
            <Navigation>f:\hghg\lcdram\lcdram00.vhdl</Navigation>
            <Navigation>96</Navigation>
            <Navigation>0</Navigation>
            <Navigation>96</Navigation>
            <Navigation>1</Navigation>
            <Navigation>Removing instance U1.ram_6[7] because it is equivalent to instance U1.ram_6[5]. To keep the instance, apply constraint syn_preserve=1 on the instance.</Navigation>
        </Message>
        <Message>
            <ID>2019991</ID>
            <Severity>Warning</Severity>
            <Dynamic>BN132 :&quot;f:\hghg\lcdram\lcdram00.vhdl&quot;:96:0:96:1|Removing instance U1.ram_7[7] because it is equivalent to instance U1.ram_7[5]. To keep the instance, apply constraint syn_preserve=1 on the instance.</Dynamic>
            <Navigation>BN132</Navigation>
            <Navigation>f:\hghg\lcdram\lcdram00.vhdl</Navigation>
            <Navigation>96</Navigation>
            <Navigation>0</Navigation>
            <Navigation>96</Navigation>
            <Navigation>1</Navigation>
            <Navigation>Removing instance U1.ram_7[7] because it is equivalent to instance U1.ram_7[5]. To keep the instance, apply constraint syn_preserve=1 on the instance.</Navigation>
        </Message>
        <Message>
            <ID>2019993</ID>
            <Severity>Warning</Severity>
            <Dynamic>MT420 |Found inferred clock osc00|osc_int_inferred_clock with period 480.77ns. Please declare a user-defined clock on object &quot;n:U0.OS00.osc_int&quot;</Dynamic>
            <Navigation>MT420</Navigation>
            <Navigation>Found inferred clock osc00|osc_int_inferred_clock with period 480.77ns. Please declare a user-defined clock on object &quot;n:U0.OS00.osc_int&quot;</Navigation>
        </Message>
    </Task>
</BaliMessageLog>