<?xml version="1.0" encoding="UTF-8"?>
<BaliMessageLog>
    <Task name="Translate">
        <Message>
            <ID>1166052</ID>
            <Severity>Warning</Severity>
            <Dynamic>logical</Dynamic>
            <Dynamic>RA00/D00/OSCInst0_SEDSTDBY</Dynamic>
            <Navigation>RA00/D00/OSCInst0_SEDSTDBY</Navigation>
        </Message>
        <Message>
            <ID>1163101</ID>
            <Severity>Warning</Severity>
            <Dynamic>1</Dynamic>
        </Message>
    </Task>
    <Task name="Synplify_Synthesis">
        <Message>
            <ID>2011000</ID>
            <Severity>Info</Severity>
        </Message>
        <Message>
            <ID>2019991</ID>
            <Severity>Warning</Severity>
            <Dynamic>CL279 :&quot;G:\Arquitectura\3CM3\lcdram00vhdl\contring00.vhdl&quot;:19:4:19:5|Pruning register bits 2 to 0 of soutr(3 downto 0). If this is not the intended behavior, drive the inputs with valid values, or inputs from the top level.</Dynamic>
            <Navigation>CL279</Navigation>
            <Navigation>G:\Arquitectura\3CM3\lcdram00vhdl\contring00.vhdl</Navigation>
            <Navigation>19</Navigation>
            <Navigation>4</Navigation>
            <Navigation>19</Navigation>
            <Navigation>5</Navigation>
            <Navigation>Pruning register bits 2 to 0 of soutr(3 downto 0). If this is not the intended behavior, drive the inputs with valid values, or inputs from the top level.</Navigation>
        </Message>
        <Message>
            <ID>2019991</ID>
            <Severity>Warning</Severity>
            <Dynamic>CD276 :&quot;D:\Program Files (x86)\Iscc\diamond\3.10_x64\cae_library\synthesis\vhdl\machxo2.vhd&quot;:2297:8:2297:15|Map for port sedstdby of component osch not found</Dynamic>
            <Navigation>CD276</Navigation>
            <Navigation>D:\Program Files (x86)\Iscc\diamond\3.10_x64\cae_library\synthesis\vhdl\machxo2.vhd</Navigation>
            <Navigation>2297</Navigation>
            <Navigation>8</Navigation>
            <Navigation>2297</Navigation>
            <Navigation>15</Navigation>
            <Navigation>Map for port sedstdby of component osch not found</Navigation>
        </Message>
        <Message>
            <ID>2019991</ID>
            <Severity>Warning</Severity>
            <Dynamic>CL138 :&quot;G:\Arquitectura\3CM3\lcdram00vhdl\contReadRa00.vhdl&quot;:26:5:26:6|Removing register 'RWcd' because it is only assigned 0 or its original value.</Dynamic>
            <Navigation>CL138</Navigation>
            <Navigation>G:\Arquitectura\3CM3\lcdram00vhdl\contReadRa00.vhdl</Navigation>
            <Navigation>26</Navigation>
            <Navigation>5</Navigation>
            <Navigation>26</Navigation>
            <Navigation>6</Navigation>
            <Navigation>Removing register 'RWcd' because it is only assigned 0 or its original value.</Navigation>
        </Message>
        <Message>
            <ID>2019991</ID>
            <Severity>Warning</Severity>
            <Dynamic>CL138 :&quot;G:\Arquitectura\3CM3\lcdram00vhdl\lcdconfig00.vhdl&quot;:25:4:25:5|Removing register 'RSc' because it is only assigned 0 or its original value.</Dynamic>
            <Navigation>CL138</Navigation>
            <Navigation>G:\Arquitectura\3CM3\lcdram00vhdl\lcdconfig00.vhdl</Navigation>
            <Navigation>25</Navigation>
            <Navigation>4</Navigation>
            <Navigation>25</Navigation>
            <Navigation>5</Navigation>
            <Navigation>Removing register 'RSc' because it is only assigned 0 or its original value.</Navigation>
        </Message>
        <Message>
            <ID>2019991</ID>
            <Severity>Warning</Severity>
            <Dynamic>CL138 :&quot;G:\Arquitectura\3CM3\lcdram00vhdl\lcdconfig00.vhdl&quot;:25:4:25:5|Removing register 'RWc' because it is only assigned 0 or its original value.</Dynamic>
            <Navigation>CL138</Navigation>
            <Navigation>G:\Arquitectura\3CM3\lcdram00vhdl\lcdconfig00.vhdl</Navigation>
            <Navigation>25</Navigation>
            <Navigation>4</Navigation>
            <Navigation>25</Navigation>
            <Navigation>5</Navigation>
            <Navigation>Removing register 'RWc' because it is only assigned 0 or its original value.</Navigation>
        </Message>
        <Message>
            <ID>2019991</ID>
            <Severity>Warning</Severity>
            <Dynamic>CL260 :&quot;G:\Arquitectura\3CM3\lcdram00vhdl\lcdconfig00.vhdl&quot;:25:4:25:5|Pruning register bit 6 of comandoc(7 downto 0). If this is not the intended behavior, drive the input with valid values, or an input from the top level.</Dynamic>
            <Navigation>CL260</Navigation>
            <Navigation>G:\Arquitectura\3CM3\lcdram00vhdl\lcdconfig00.vhdl</Navigation>
            <Navigation>25</Navigation>
            <Navigation>4</Navigation>
            <Navigation>25</Navigation>
            <Navigation>5</Navigation>
            <Navigation>Pruning register bit 6 of comandoc(7 downto 0). If this is not the intended behavior, drive the input with valid values, or an input from the top level.</Navigation>
        </Message>
        <Message>
            <ID>2019993</ID>
            <Severity>Warning</Severity>
            <Dynamic>FX474 |User-specified initial value defined for some sequential elements which can prevent optimum synthesis results from being achieved.</Dynamic>
            <Navigation>FX474</Navigation>
            <Navigation>User-specified initial value defined for some sequential elements which can prevent optimum synthesis results from being achieved. </Navigation>
        </Message>
        <Message>
            <ID>2019991</ID>
            <Severity>Warning</Severity>
            <Dynamic>BN132 :&quot;g:\arquitectura\3cm3\lcdram00vhdl\contreadra00.vhdl&quot;:26:5:26:6|Removing sequential instance RA05.outFlagcd because it is equivalent to instance RA05.ENcd. To keep the instance, apply constraint syn_preserve=1 on the instance.</Dynamic>
            <Navigation>BN132</Navigation>
            <Navigation>g:\arquitectura\3cm3\lcdram00vhdl\contreadra00.vhdl</Navigation>
            <Navigation>26</Navigation>
            <Navigation>5</Navigation>
            <Navigation>26</Navigation>
            <Navigation>6</Navigation>
            <Navigation>Removing sequential instance RA05.outFlagcd because it is equivalent to instance RA05.ENcd. To keep the instance, apply constraint syn_preserve=1 on the instance.</Navigation>
        </Message>
        <Message>
            <ID>2019991</ID>
            <Severity>Warning</Severity>
            <Dynamic>MT529 :&quot;g:\arquitectura\3cm3\div00vhdl\div00.vhdl&quot;:20:2:20:3|Found inferred clock osc00|osc_int_inferred_clock which controls 25 sequential elements including RA00.D01.sdiv[23:0]. This clock has no specified timing constraint which may prevent conversion of gated or generated clocks and may adversely impact design performance.</Dynamic>
            <Navigation>MT529</Navigation>
            <Navigation>g:\arquitectura\3cm3\div00vhdl\div00.vhdl</Navigation>
            <Navigation>20</Navigation>
            <Navigation>2</Navigation>
            <Navigation>20</Navigation>
            <Navigation>3</Navigation>
            <Navigation>Found inferred clock osc00|osc_int_inferred_clock which controls 25 sequential elements including RA00.D01.sdiv[23:0]. This clock has no specified timing constraint which may prevent conversion of gated or generated clocks and may adversely impact design performance. </Navigation>
        </Message>
        <Message>
            <ID>2019993</ID>
            <Severity>Warning</Severity>
            <Dynamic>MT420 |Found inferred clock osc00|osc_int_inferred_clock with period 480.77ns. Please declare a user-defined clock on object &quot;n:RA00.D00.osc_int&quot;</Dynamic>
            <Navigation>MT420</Navigation>
            <Navigation>Found inferred clock osc00|osc_int_inferred_clock with period 480.77ns. Please declare a user-defined clock on object &quot;n:RA00.D00.osc_int&quot;</Navigation>
        </Message>
    </Task>
</BaliMessageLog>