<?xml version="1.0" encoding="UTF-8"?>
<BaliMessageLog>
    <Task name="Translate">
        <Message>
            <ID>1166052</ID>
            <Severity>Warning</Severity>
            <Dynamic>logical</Dynamic>
            <Dynamic>O00/OSCInst0_SEDSTDBY</Dynamic>
            <Navigation>O00/OSCInst0_SEDSTDBY</Navigation>
        </Message>
        <Message>
            <ID>1163101</ID>
            <Severity>Warning</Severity>
            <Dynamic>1</Dynamic>
        </Message>
    </Task>
    <Task name="Synplify_Synthesis">
        <Message>
            <ID>2011000</ID>
            <Severity>Info</Severity>
        </Message>
        <Message>
            <ID>2019991</ID>
            <Severity>Warning</Severity>
            <Dynamic>CD276 :&quot;D:\LatticeDiamond\diamond\3.10_x64\cae_library\synthesis\vhdl\machxo2.vhd&quot;:2297:8:2297:15|Map for port sedstdby of component osch not found</Dynamic>
            <Navigation>CD276</Navigation>
            <Navigation>D:\LatticeDiamond\diamond\3.10_x64\cae_library\synthesis\vhdl\machxo2.vhd</Navigation>
            <Navigation>2297</Navigation>
            <Navigation>8</Navigation>
            <Navigation>2297</Navigation>
            <Navigation>15</Navigation>
            <Navigation>Map for port sedstdby of component osch not found</Navigation>
        </Message>
        <Message>
            <ID>2019991</ID>
            <Severity>Warning</Severity>
            <Dynamic>CL260 :&quot;C:\Users\Sergi\Desktop\lcdram\lcdram\toposc00.vhdl&quot;:167:2:167:3|Pruning register bit 6 of salidaAPantallaConfiguracion(7 downto 0). If this is not the intended behavior, drive the input with valid values, or an input from the top level.</Dynamic>
            <Navigation>CL260</Navigation>
            <Navigation>C:\Users\Sergi\Desktop\lcdram\lcdram\toposc00.vhdl</Navigation>
            <Navigation>167</Navigation>
            <Navigation>2</Navigation>
            <Navigation>167</Navigation>
            <Navigation>3</Navigation>
            <Navigation>Pruning register bit 6 of salidaAPantallaConfiguracion(7 downto 0). If this is not the intended behavior, drive the input with valid values, or an input from the top level.</Navigation>
        </Message>
        <Message>
            <ID>2019991</ID>
            <Severity>Warning</Severity>
            <Dynamic>CL260 :&quot;C:\Users\Sergi\Desktop\lcdram\lcdram\toposc00.vhdl&quot;:616:2:616:3|Pruning register bit 6 of salidaAPantallaConfiguracionRam(7 downto 0). If this is not the intended behavior, drive the input with valid values, or an input from the top level.</Dynamic>
            <Navigation>CL260</Navigation>
            <Navigation>C:\Users\Sergi\Desktop\lcdram\lcdram\toposc00.vhdl</Navigation>
            <Navigation>616</Navigation>
            <Navigation>2</Navigation>
            <Navigation>616</Navigation>
            <Navigation>3</Navigation>
            <Navigation>Pruning register bit 6 of salidaAPantallaConfiguracionRam(7 downto 0). If this is not the intended behavior, drive the input with valid values, or an input from the top level.</Navigation>
        </Message>
        <Message>
            <ID>2019991</ID>
            <Severity>Warning</Severity>
            <Dynamic>CL177 :&quot;C:\Users\Sergi\Desktop\lcdram\lcdram\toposc00.vhdl&quot;:275:2:275:3|Sharing sequential element seqalAnillo. Add a syn_preserve attribute to the element to prevent sharing.</Dynamic>
            <Navigation>CL177</Navigation>
            <Navigation>C:\Users\Sergi\Desktop\lcdram\lcdram\toposc00.vhdl</Navigation>
            <Navigation>275</Navigation>
            <Navigation>2</Navigation>
            <Navigation>275</Navigation>
            <Navigation>3</Navigation>
            <Navigation>Sharing sequential element seqalAnillo. Add a syn_preserve attribute to the element to prevent sharing.</Navigation>
        </Message>
        <Message>
            <ID>2019991</ID>
            <Severity>Warning</Severity>
            <Dynamic>CL279 :&quot;C:\Users\Sergi\Desktop\lcdram\lcdram\toposc00.vhdl&quot;:275:2:275:3|Pruning register bits 2 to 0 of seqalAnillo(3 downto 0). If this is not the intended behavior, drive the inputs with valid values, or inputs from the top level.</Dynamic>
            <Navigation>CL279</Navigation>
            <Navigation>C:\Users\Sergi\Desktop\lcdram\lcdram\toposc00.vhdl</Navigation>
            <Navigation>275</Navigation>
            <Navigation>2</Navigation>
            <Navigation>275</Navigation>
            <Navigation>3</Navigation>
            <Navigation>Pruning register bits 2 to 0 of seqalAnillo(3 downto 0). If this is not the intended behavior, drive the inputs with valid values, or inputs from the top level.</Navigation>
        </Message>
        <Message>
            <ID>2019993</ID>
            <Severity>Warning</Severity>
            <Dynamic>FX474 |User-specified initial value defined for some sequential elements which can prevent optimum synthesis results from being achieved.</Dynamic>
            <Navigation>FX474</Navigation>
            <Navigation>User-specified initial value defined for some sequential elements which can prevent optimum synthesis results from being achieved. </Navigation>
        </Message>
        <Message>
            <ID>2019991</ID>
            <Severity>Warning</Severity>
            <Dynamic>MT529 :&quot;c:\users\sergi\desktop\lcdram\lcdram\div00.vhdl&quot;:23:3:23:4|Found inferred clock osc00|osc_int_inferred_clock which controls 22 sequential elements including O01.sdiv[20:0]. This clock has no specified timing constraint which may prevent conversion of gated or generated clocks and may adversely impact design performance.</Dynamic>
            <Navigation>MT529</Navigation>
            <Navigation>c:\users\sergi\desktop\lcdram\lcdram\div00.vhdl</Navigation>
            <Navigation>23</Navigation>
            <Navigation>3</Navigation>
            <Navigation>23</Navigation>
            <Navigation>4</Navigation>
            <Navigation>Found inferred clock osc00|osc_int_inferred_clock which controls 22 sequential elements including O01.sdiv[20:0]. This clock has no specified timing constraint which may prevent conversion of gated or generated clocks and may adversely impact design performance. </Navigation>
        </Message>
        <Message>
            <ID>2019993</ID>
            <Severity>Warning</Severity>
            <Dynamic>MT420 |Found inferred clock osc00|osc_int_inferred_clock with period 480.77ns. Please declare a user-defined clock on object &quot;n:O00.osc_int&quot;</Dynamic>
            <Navigation>MT420</Navigation>
            <Navigation>Found inferred clock osc00|osc_int_inferred_clock with period 480.77ns. Please declare a user-defined clock on object &quot;n:O00.osc_int&quot;</Navigation>
        </Message>
    </Task>
</BaliMessageLog>